rank,node_id,label,domain,original_score,candidate_score,delta_score,candidate_word_count,recommendation,review_decision,review_note,diagnostics,original_description,candidate_description
1,comparative_mythology_concept,Comparative Mythology,"HUM,SOC,PHI",5,10,5,88,accept_recommended,accept,,WHAT element weak or missing in opening | SIGNIFICANCE element weak or missing,"The systematic comparison of myths across cultures to identify universal patterns (flood narratives, hero's journey, creation stories) and explain their recurrence through shared psychology, diffusion, or common human experience. From Frazer's Golden Bough to Campbell's monomyth to structural analysis. It bridges humanities and psychology by asking whether universal mythic patterns reveal innate cognitive structures or simply common human predicaments.","Comparative mythology is the systematic scholarly study of myths across diverse cultures to identify recurring universal patterns—such as flood narratives, hero journeys, and creation stories—and explain their recurrence through shared psychology, cultural diffusion, or common human experience. Foundational works by Frazer, Jung, and Campbell transformed how scholars understand human meaning-making, enabling cross-cultural frameworks that remain central to anthropology and literary theory. This field bridges humanities and cognitive science by investigating whether universal mythic structures reveal innate neural architecture or reflect universally shared existential predicaments."
2,regenerative_medicine_concept,Regenerative Medicine,"MED,BIO,ENG",5,10,5,78,accept_recommended,accept,,WHAT element weak or missing in opening | SIGNIFICANCE element weak or missing,"The field aiming to repair or replace damaged tissues and organs using stem cells, tissue engineering, gene therapy, and biomaterials. From bone marrow transplants to lab-grown organs to CRISPR-corrected cells. It bridges medicine and engineering because growing functional tissues requires both biological knowledge (cell signaling, differentiation) and engineering principles (scaffold design, bioreactor mechanics, vascularization).","Regenerative medicine is a biomedical field focused on restoring or replacing damaged tissues and organs through stem cell therapies, tissue engineering, gene editing, and biomaterial scaffolds. It has enabled breakthrough treatments — from bone marrow transplants to lab-grown cartilage — transforming previously irreversible conditions into potentially curable ones. This field is foundational to 21st-century healthcare and bridges biological science and mechanical engineering, as fabricating functional tissues demands both cellular signaling expertise and precision scaffold design with bioreactor mechanics."
3,aesthetic_experience_concept,Aesthetic Experience,"HUM,PHI,ART",5,9,4,84,accept_recommended,accept,,WHAT element weak or missing in opening | SIGNIFICANCE element weak or missing,"The philosophical investigation of what happens when humans engage with beauty, art, and nature — from Kant's disinterested pleasure and Burke's sublime to Dewey's pragmatist aesthetics and contemporary neuroaesthetics. It bridges philosophy and neuroscience because explaining why certain forms, sounds, or images produce pleasure, awe, or catharsis requires both phenomenological description of subjective experience and empirical investigation of brain mechanisms.","Aesthetic experience is the philosophical concept describing the distinctive quality of human perception and feeling that arises when engaging with beauty, art, or nature — characterized by heightened attention, emotional resonance, and often a sense of transcendence. Foundational thinkers including Kant, Burke, and Dewey transformed how we understand subjective judgment and sensory meaning, making this concept central to humanistic inquiry. It bridges philosophy and cognitive neuroscience, as explaining responses like awe or catharsis demands both phenomenological analysis and empirical investigation of neural mechanisms underlying perception."
4,autonomous_vehicles_concept,Autonomous Vehicles,"TEC,ENG,SOC",5,10,5,85,accept_recommended,accept,,WHAT element weak or missing in opening | SIGNIFICANCE element weak or missing,"Self-driving vehicles that perceive their environment through sensors (lidar, cameras, radar) and navigate without human input using AI decision-making. They integrate computer vision, path planning, control theory, and ethical programming. They bridge technology and society because deploying autonomous vehicles requires solving not just engineering problems (sensor fusion, edge cases) but also legal liability, ethical trolley problems, and public trust.","Autonomous vehicles are self-driving systems that perceive their surroundings through sensors — including lidar, cameras, and radar — and navigate independently using AI-driven decision-making. This technology has transformed transportation engineering by integrating computer vision, path planning, and control theory into a unified framework. Its significance extends beyond engineering breakthroughs, fundamentally reshaping urban infrastructure, public safety policy, and legal liability frameworks. In the sociological domain, deployment challenges around public trust and algorithmic ethics highlight how autonomous vehicles bridge technological innovation with governance and human behavior."
5,colonialism_legacy_concept,Colonialism and Its Legacy,"HIS,SOC,HUM",5,9,4,78,accept_recommended,accept,,WHAT element weak or missing in opening | SIGNIFICANCE element weak or missing,"The system of political domination and economic exploitation by European powers over territories in Africa, Asia, and the Americas (c.1500-1960s), and its enduring consequences in language, borders, economic structures, and cultural hierarchies. It bridges history and contemporary society because colonial-era institutions, trade patterns, and racial ideologies continue to shape global inequality, identity politics, and international relations decades after formal decolonization.","Colonialism is the system by which European powers politically dominated and economically exploited territories across Africa, Asia, and the Americas from roughly 1500 to the 1960s, fundamentally transforming indigenous societies through imposed borders, languages, and racial hierarchies. Its significance lies in how colonial-era institutions enabled persistent global inequality, shaping contemporary trade structures, identity politics, and postcolonial governance. This concept bridges history and political science, as decolonization movements and modern international relations remain inseparable from understanding colonial foundations."
6,cybersecurity_engineering_concept,Cybersecurity Engineering,"TEC,ENG,MAT",5,10,5,89,accept_recommended,accept,,WHAT element weak or missing in opening | SIGNIFICANCE element weak or missing,"The systematic practice of designing, building, and maintaining systems that resist malicious attack — from cryptographic protocols to network architecture to social engineering defenses. It requires thinking like an adversary. It bridges mathematics and engineering because security depends on mathematical hardness assumptions (prime factoring, discrete logarithms) implemented in real systems where human error, side channels, and complexity create vulnerabilities no proof can prevent.","Cybersecurity engineering is the disciplined practice of designing, building, and maintaining systems that resist malicious attack, encompassing cryptographic protocols, network architecture, and social engineering defenses. It has become foundational to modern digital infrastructure, enabling secure communication, commerce, and critical systems worldwide. Its significance lies in transforming theoretical guarantees into resilient real-world deployments. It bridges mathematics and engineering, as security depends on mathematical hardness assumptions — prime factoring, discrete logarithms — implemented in physical systems where human error, side channels, and complexity introduce vulnerabilities that no formal proof alone can prevent."
7,ethnomusicology_concept,Ethnomusicology,"ART,SOC,HUM",5,7,2,81,accept_recommended,accept,,WHAT element weak or missing in opening | SIGNIFICANCE element weak or missing,"The study of music as a social and cultural phenomenon rather than purely an aesthetic object — examining how music functions in ritual, identity, resistance, and daily life across all human societies. It challenges Western classical music's claim to universal standards. It bridges art and anthropology by revealing that music is never just sound but always embedded in social relationships, power structures, and collective meaning-making.","Ethnomusicology is the systematic scholarly study of music as a social and cultural practice, analyzing how music functions in ritual, identity, resistance, and everyday life across diverse human societies. It transformed musicology by challenging Western classical music's claim to universal aesthetic standards, establishing that no musical tradition holds inherent superiority. By bridging the humanities with anthropology and sociology, ethnomusicology reveals that music is always embedded in power structures, social relationships, and collective meaning-making — never reducible to pure sound alone."
8,french_revolution_event,French Revolution,"SOC,HIS,PHI",5,7,2,80,accept_recommended,accept,,WHAT element weak or missing in opening | SIGNIFICANCE could be stronger | BRIDGE implied but no specific domain mentioned,"A decade of radical political upheaval (1789–1799) that overthrew monarchy and feudalism in France, replacing them with principles of popular sovereignty and universal rights. It demonstrated that Enlightenment philosophy could be translated into political reality — violently reshaping governance across Europe. Its concepts of citizenship, constitutionalism, and human rights became the foundation of modern political science and international law.","The French Revolution (1789–1799) was a decade of radical political transformation that dismantled France's monarchy and feudal order, establishing popular sovereignty and universal rights as governing principles. It foundationally demonstrated that Enlightenment philosophy could be violently yet concretely enacted, reshaping European governance and inspiring subsequent democratic movements worldwide. Its concepts of citizenship, constitutionalism, and human rights became cornerstones of modern political science, while also profoundly influencing philosophical ethics and the development of international law as a distinct discipline."
9,publication_of_origin_of_species_event,Publication of On the Origin of Species,"BIO,PHI,SOC,HIS",5,5,0,84,manual_tie_break,accept,"candidate addresses all three diagnostics: strengthens WHAT opening, sharpens SIGNIFICANCE framing, and explicitly names philosophy and sociology as bridge domains",WHAT element weak or missing in opening | SIGNIFICANCE could be stronger | BRIDGE implied but no specific domain mentioned,"Darwin's 1859 book presented natural selection as the mechanism driving evolution, supported by twenty years of accumulated evidence. It unified biology under a single explanatory framework and demolished the idea that species were fixed creations. Beyond biology, it revolutionized philosophy by replacing teleological thinking with mechanistic explanation, and sparked fierce social debates about human nature that persist today.","Published in 1859, Charles Darwin's On the Origin of Species formally introduced natural selection as the primary mechanism driving biological evolution, grounded in two decades of meticulous empirical research. This landmark work transformed biology by unifying life's diversity under a single explanatory framework, rendering fixed-species creationism scientifically untenable. Its significance extends into philosophy, where it foundationally displaced teleological reasoning with mechanistic causation, and into sociology, where ongoing debates about human nature, morality, and social organization trace directly to its provocative conclusions."
10,street_art_concept,Street Art and Graffiti,"ART,SOC,HUM",5,7,2,84,accept_recommended,accept,,WHAT element weak or missing in opening | SIGNIFICANCE element weak or missing,"Visual art created in public spaces — from 1970s New York subway graffiti through muralism, stencil art (Banksy), and yarn bombing to sanctioned urban art festivals. It challenges institutional art by reclaiming public space as canvas. It bridges art and social commentary because street art operates outside galleries, directly addressing communities with political messages, humor, or beauty in spaces where art would otherwise be absent — democratizing both production and reception.","Street art and graffiti constitute a form of visual expression created directly in public spaces, emerging prominently from 1970s New York subway culture and evolving through muralism, stencil work, and sanctioned urban festivals. This movement fundamentally transformed how communities engage with art by democratizing both its production and reception outside institutional gatekeepers. Its significance bridges the domains of sociology and urban studies, as street art reshapes neighborhood identity, challenges power structures, and converts overlooked environments into sites of political dialogue and collective human experience."
11,finite_element_method_concept,Finite Element Method,"ENG,MAT,PHY",6,10,4,88,accept_recommended,accept,,WHAT element weak or missing in opening | SIGNIFICANCE element weak or missing,"A computational technique dividing complex structures into small elements to approximate solutions to partial differential equations governing stress, heat flow, and fluid dynamics. It makes the unsolvable solvable by breaking continuous problems into many simple pieces. It bridges engineering and mathematics because virtually every modern engineered structure — bridges, aircraft, microchips — is validated through finite element simulation before being built.","The Finite Element Method (FEM) is a numerical technique that discretizes complex geometries into small, interconnected elements to approximate solutions to partial differential equations governing stress, heat transfer, and fluid dynamics. FEM transformed modern engineering by enabling accurate simulation of structures previously too complex to analyze analytically, becoming foundational to aerospace, civil, and biomedical design. By bridging computational mathematics and physical sciences, FEM allows physicists to model phenomena ranging from quantum mechanics to seismic wave propagation, ensuring virtually every major engineered system is validated through simulation before construction."
12,natural_language_processing_applications_concept,Natural Language Processing Applications,"TEC,HUM,SOC",6,10,4,82,accept_recommended,accept,,WHAT element weak or missing in opening | SIGNIFICANCE could be stronger,"The practical deployment of NLP technology in translation, summarization, sentiment analysis, chatbots, and large language models that process and generate human text at scale. GPT and transformer architectures represent the current frontier. It bridges technology and humanities because these systems must encode semantic meaning, pragmatic context, and cultural nuance — problems that require linguistic theory as much as engineering.","Natural Language Processing Applications refers to the real-world deployment of computational systems that interpret, generate, and transform human language across tasks such as machine translation, sentiment analysis, summarization, and conversational AI. Transformer-based architectures like GPT have enabled breakthrough capabilities, fundamentally transforming how humans interact with information systems. These applications bridge technology and the social sciences, as effective language models must encode cultural context, pragmatic meaning, and sociolinguistic variation — challenges demanding insights from linguistics, anthropology, and communication theory alongside engineering expertise."
13,documentary_tradition_concept,Documentary Tradition,"ART,HUM,SOC",6,10,4,88,accept_recommended,accept,,WHAT element weak or missing in opening | SIGNIFICANCE element weak or missing,"The practice of using photography, film, and audio to record reality for artistic, journalistic, or historical purposes — from social reform photography (Riis, Hine) through cinema vérité to modern podcast and video essay. The paradox: every documentary choice (framing, editing, narration) constructs rather than merely captures reality. It bridges art and ethics because documentary makers wield power over their subjects, raising questions of consent, exploitation, and truth.","Documentary tradition is a practice-based concept encompassing the systematic use of photography, film, and audio recording to represent reality for artistic, journalistic, or historical purposes. Pioneered by social reform photographers such as Riis and Hine, it transformed public awareness of inequality and enabled policy change. Crucially, every documentary choice—framing, editing, narration—constructs rather than merely captures reality. This paradox bridges media studies and ethics, as practitioners wield significant power over subjects, raising foundational questions of consent, exploitation, and truth that resonate equally within sociological research methodology."
14,edge_computing_concept,Edge Computing,"TEC,ENG",6,10,4,83,accept_recommended,accept,,WHAT element weak or missing in opening | SIGNIFICANCE could be stronger,"A computing paradigm that processes data near its source (sensors, devices) rather than sending everything to distant cloud servers, reducing latency and bandwidth requirements. It enables real-time responses for autonomous vehicles, industrial automation, and AR/VR. It bridges cloud and physical computing by distributing intelligence to where data is generated, creating a hierarchy from tiny embedded processors to massive data centers.","Edge Computing is a distributed computing paradigm that processes data at or near its source — on sensors, devices, or local nodes — rather than routing everything to remote cloud servers, thereby reducing latency and bandwidth consumption. This approach has transformed real-time applications, enabling breakthroughs in autonomous vehicles, industrial automation, and augmented reality. By distributing computational intelligence across a hierarchy from embedded processors to centralized data centers, it bridges the engineering domain of physical systems with large-scale cloud infrastructure and network architecture design."
15,materials_characterization_concept,Materials Characterization,"ENG,CHE,PHY",6,10,4,87,accept_recommended,accept,,WHAT element weak or missing in opening | SIGNIFICANCE could be stronger,"The suite of techniques (electron microscopy, X-ray diffraction, spectroscopy, mechanical testing) used to determine the structure, composition, and properties of materials at scales from atomic to macroscopic. It is the empirical foundation of materials science. It bridges engineering and physics because designing new materials requires first measuring existing ones — and every measurement technique exploits different physical phenomena (electron scattering, photon absorption, acoustic waves).","Materials characterization is the systematic application of techniques — including electron microscopy, X-ray diffraction, spectroscopy, and mechanical testing — to determine the structure, composition, and properties of materials across atomic to macroscopic scales. It is foundational to materials science, enabling researchers to validate theoretical models, guide synthesis, and accelerate the development of advanced materials. By exploiting distinct physical phenomena such as electron scattering and photon absorption, it bridges engineering and physics, transforming raw experimental data into actionable design principles for fields ranging from semiconductor fabrication to biomedical engineering."
16,nuclear_chemistry_applications_concept,Nuclear Chemistry Applications,"CHE,PHY,MED",6,7,1,80,accept_recommended,accept,,WHAT element weak or missing in opening | SIGNIFICANCE element weak or missing,"The practical applications of nuclear reactions and radioactive isotopes — from nuclear power generation and radiometric dating to PET scanning and cancer radiotherapy to neutron activation analysis. It bridges chemistry and medicine because radioactive tracers allow visualization of metabolic processes in living patients, while radiation therapy exploits nuclear decay to destroy tumors with millimeter precision.","Nuclear chemistry applications constitute the practical use of nuclear reactions and radioactive isotopes across energy, medicine, and analytical science — encompassing nuclear power generation, radiometric dating, PET scanning, cancer radiotherapy, and neutron activation analysis. These applications transformed modern civilization by enabling carbon-free electricity, precise archaeological dating, and life-saving diagnostics. Bridging chemistry and medicine, radioactive tracers allow real-time visualization of metabolic processes in living patients, while targeted radiation therapy exploits controlled nuclear decay to destroy tumors with millimeter precision."
17,oncology_concept,Oncology,"MED,BIO,CHE",6,9,3,86,accept_recommended,accept,,WHAT element weak or missing in opening | SIGNIFICANCE could be stronger,"The medical specialty studying and treating cancer — from Virchow's cellular pathology through radiation therapy, chemotherapy, targeted therapy, and immunotherapy. Cancer is fundamentally a disease of uncontrolled cell division driven by accumulated genetic mutations. It bridges medicine and molecular biology because effective cancer treatment requires understanding each tumor's unique molecular profile — its driver mutations, immune microenvironment, and vulnerabilities — to select precisely targeted therapies.","Oncology is the medical and scientific discipline dedicated to the study, diagnosis, and treatment of cancer, encompassing approaches from radiation therapy and chemotherapy to targeted therapy and immunotherapy. Its significance is foundational to modern medicine, having transformed survival outcomes through precision therapies that exploit tumor-specific vulnerabilities. Cancer's basis in uncontrolled cell division driven by accumulated genetic mutations bridges oncology directly with molecular biology and chemistry, as effective treatment increasingly demands detailed characterization of each tumor's driver mutations, immune microenvironment, and druggable molecular targets."
18,solid_state_chemistry_concept,Solid-State Chemistry,"CHE,PHY,ENG",6,9,3,81,accept_recommended,accept,,WHAT element weak or missing in opening | SIGNIFICANCE element weak or missing,"The study of synthesis, structure, and properties of solid materials — crystals, ceramics, glasses, and semiconductors. Understanding how atomic arrangements create bulk properties (conductivity, magnetism, hardness, optical behavior). It bridges chemistry and physics because solid-state phenomena (superconductivity, ferromagnetism, band gaps) emerge from collective quantum effects in periodic arrays of atoms — requiring both chemical bonding theory and condensed matter physics.","Solid-state chemistry is the scientific discipline concerned with the synthesis, crystal structure, and physical properties of solid materials, including ceramics, glasses, semiconductors, and crystalline compounds. It is foundational to modern materials science, having enabled breakthroughs in superconductivity, magnetic storage, and semiconductor device fabrication. By explaining how atomic arrangements and chemical bonding determine bulk properties such as conductivity, hardness, and optical behavior, it bridges chemistry and condensed matter physics, directly informing engineering applications in electronics, energy storage, and advanced functional materials."
19,medicinal_chemistry_concept,Medicinal Chemistry,"CHE,MED,BIO",7,9,2,78,accept_recommended,accept,,WHAT element weak or missing in opening | SIGNIFICANCE could be stronger,"The discipline designing, synthesizing, and optimizing molecules for therapeutic use — balancing potency, selectivity, bioavailability, and safety. It transforms understanding of disease mechanisms into actual drugs through iterative molecular design. It bridges chemistry and medicine because curing disease at the molecular level requires both understanding biological targets (proteins, receptors) and crafting molecules with precisely tuned chemical properties to reach and modulate them.","Medicinal chemistry is the scientific discipline focused on designing, synthesizing, and optimizing small molecules for therapeutic application, rigorously balancing potency, selectivity, bioavailability, and safety. It transformed modern healthcare by enabling the rational development of targeted drugs rather than relying on trial-and-error discovery, making it foundational to 20th-century pharmaceutical breakthroughs. By bridging chemistry and biology, it translates molecular-level understanding of disease-related proteins and receptors into precisely engineered compounds, directly informing clinical medicine and pharmacology."
20,tissue_engineering_concept,Tissue Engineering,"ENG,MED,BIO",7,10,3,83,accept_recommended,accept,,WHAT element weak or missing in opening | SIGNIFICANCE could be stronger,"The use of scaffolds, cells, and biochemical signals to grow functional biological tissues for transplantation or drug testing, combining engineering principles with cell biology. It aims to solve the organ shortage crisis by growing replacement tissues. It bridges engineering and biology because building living tissue requires understanding both mechanical properties (scaffold design, fluid flow) and biological processes (cell differentiation, vascularization).","Tissue engineering is an interdisciplinary field that combines scaffolds, living cells, and biochemical signals to fabricate functional biological tissues for transplantation, disease modeling, and drug testing. It has transformed regenerative medicine by offering breakthrough solutions to the global organ shortage crisis, enabling lab-grown skin, cartilage, and vascular grafts. By demanding simultaneous mastery of mechanical design and cellular biology, tissue engineering bridges biomedical engineering and materials science, where scaffold architecture and biomaterial selection directly govern cell differentiation, vascularization, and long-term tissue viability."
